design_id,run_id,n,p_total,p_true,snr,rho,sigma_true,total_timesteps,reward_type,bandit_n_selected,bandit_test_r2,bandit_test_mse,bandit_precision,bandit_recall,bandit_f1,bandit_runtime_sec,sequential_g0.3_n_selected,sequential_g0.3_test_r2,sequential_g0.3_test_mse,sequential_g0.3_precision,sequential_g0.3_recall,sequential_g0.3_f1,sequential_g0.3_runtime_sec,lasso_n_selected,lasso_test_r2,lasso_test_mse,lasso_precision,lasso_recall,lasso_f1,lasso_runtime_sec,adaptive_lasso_n_selected,adaptive_lasso_test_r2,adaptive_lasso_test_mse,adaptive_lasso_precision,adaptive_lasso_recall,adaptive_lasso_f1,adaptive_lasso_runtime_sec,forward_n_selected,forward_test_r2,forward_test_mse,forward_precision,forward_recall,forward_f1,forward_runtime_sec,backward_n_selected,backward_test_r2,backward_test_mse,backward_precision,backward_recall,backward_f1,backward_runtime_sec,mcmc_n_selected,mcmc_test_r2,mcmc_test_mse,mcmc_precision,mcmc_recall,mcmc_f1,mcmc_runtime_sec,all_features_test_r2,all_features_test_mse
1,1,10000,200,20,0.5,0.0,6.324555320336759,10000,cv_rmse,89,0.34236270578005046,40.23888788690891,0.2247191011235955,1.0,0.36697247706422015,999.8876521587372,8,0.09801805694175758,55.18961683246319,0.75,0.3,0.4285714285714285,1416.1624372005463,46,0.3271750239215334,41.16817737967072,0.43478260869565216,1.0,0.6060606060606061,0.09931278228759766,34,0.3233466411837811,41.40242483662998,0.5882352941176471,1.0,0.7407407407407407,0.12343716621398926,58,0.33230007146240337,40.85459082485594,0.3448275862068966,1.0,0.5128205128205129,282.2801730632782,58,0.33230007146240337,40.85459082485594,0.3448275862068966,1.0,0.5128205128205129,3200.429114818573,,,,,,,,0.3763349040774986,38.16022919376969
1,1,10000,200,20,0.5,0.0,6.324555320336759,10000,aic,101,0.38959861729697143,36.673108500488695,0.19801980198019803,1.0,0.3305785123966942,237.76899003982544,0,0.0,60.08031688606255,0.0,0.0,0.0,338.48913502693176,66,0.37099221391409654,37.79098711184172,0.30303030303030304,1.0,0.4651162790697675,1.1705219745635986,57,0.36918103753610965,37.89980316256772,0.3508771929824561,1.0,0.5194805194805194,0.931128978729248,52,0.3667713592234991,38.04457739918284,0.38461538461538464,1.0,0.5555555555555556,46.29521989822388,52,0.36677135922349924,38.044577399182835,0.38461538461538464,1.0,0.5555555555555556,568.1489949226379,,,,,,,,0.41533659648012844,35.12676255515774
1,1,10000,200,20,0.5,0.0,6.324555320336759,10000,bic,53,0.32137770578686464,40.080278826050254,0.37735849056603776,1.0,0.5479452054794521,233.63856673240662,0,0.0,59.06124683469685,0.0,0.0,0.0,353.1175298690796,21,0.3103590627644123,40.73105362138273,0.9523809523809523,1.0,0.975609756097561,1.1253271102905273,21,0.3103590627644123,40.73105362138273,0.9523809523809523,1.0,0.975609756097561,0.8557779788970947,21,0.3103590627644123,40.73105362138273,0.9523809523809523,1.0,0.975609756097561,8.63322901725769,21,0.3103590627644123,40.73105362138273,0.9523809523809523,1.0,0.975609756097561,570.9398803710938,,,,,,,,0.3697945446630996,37.220719954225196
1,1,10000,200,20,0.5,0.0,6.324555320336759,10000,bayes_factor,20,0.32987642250767146,38.66243935405479,1.0,1.0,1.0,220.94760608673096,2,0.02050826920274218,56.51127778768635,0.5,0.05,0.09090909090909091,302.31553196907043,21,0.32987699233143575,38.6624064783622,0.9523809523809523,1.0,0.975609756097561,1.00111985206604,21,0.32987699233143575,38.6624064783622,0.9523809523809523,1.0,0.975609756097561,0.7412850856781006,21,0.32987699233143575,38.6624064783622,0.9523809523809523,1.0,0.975609756097561,7.669014930725098,21,0.32987699233143575,38.6624064783622,0.9523809523809523,1.0,0.975609756097561,489.7654230594635,21.0,0.32987699233143575,38.6624064783622,0.9523809523809523,1.0,0.975609756097561,30.966006994247437,0.39043662133357226,35.16844944977823
2,1,10000,200,20,0.5,0.5,10.583005604713367,10000,cv_rmse,93,0.35253841899573535,109.42081894908574,0.21505376344086022,1.0,0.35398230088495575,866.4931571483612,0,0.0,168.99970926362198,0.0,0.0,0.0,1186.9849708080292,29,0.3329378759187269,112.73330503050927,0.6896551724137931,1.0,0.8163265306122449,0.08847188949584961,26,0.33081591147098766,113.09191640524496,0.7692307692307693,1.0,0.8695652173913044,0.10961508750915527,55,0.34278973597077855,111.06834354600666,0.36363636363636365,1.0,0.5333333333333333,216.42088675498962,58,0.34440261455332455,110.79576753447886,0.3448275862068966,1.0,0.5128205128205129,2635.3281269073486,,,,,,,,0.39412594728801387,102.39253875869804
2,1,10000,200,20,0.5,0.5,10.583005604713367,10000,aic,95,0.36254124067292404,102.83348420812317,0.21052631578947367,1.0,0.34782608695652173,184.70416498184204,0,0.0,161.3178620632303,0.0,0.0,0.0,264.87666392326355,36,0.3419010897843928,106.1631092221235,0.5555555555555556,1.0,0.7142857142857143,1.0813498497009277,44,0.34243518608641943,106.0769499485447,0.45454545454545453,1.0,0.625,0.8834598064422607,35,0.3407723724989141,106.34519148149073,0.5714285714285714,1.0,0.7272727272727273,17.33517289161682,42,0.3446809429255503,105.71466925654222,0.47619047619047616,1.0,0.6451612903225806,459.49117827415466,,,,,,,,0.40509050584469286,95.96952771825195
2,1,10000,200,20,0.5,0.5,10.583005604713367,10000,bic,41,0.3549902789653304,107.59170987551121,0.4878048780487805,1.0,0.6557377049180327,187.1322009563446,0,0.0,166.80633851986255,0.0,0.0,0.0,279.35787320137024,20,0.3511846051977635,108.22652038228014,1.0,1.0,1.0,1.0867290496826172,20,0.3511846051977635,108.22652038228014,1.0,1.0,1.0,0.9057581424713135,20,0.3511846051977635,108.22652038228014,1.0,1.0,1.0,6.707995891571045,20,0.3511846051977635,108.22652038228014,1.0,1.0,1.0,463.8667747974396,,,,,,,,0.4097460594134795,98.45809862615798
2,1,10000,200,20,0.5,0.5,10.583005604713367,10000,bayes_factor,25,0.3437294083681862,110.20098223225162,0.8,1.0,0.888888888888889,190.90242218971252,0,0.0,167.9200373099721,0.0,0.0,0.0,285.432541847229,22,0.3422417734249191,110.45078594742864,0.9090909090909091,1.0,0.9523809523809523,1.034588098526001,22,0.3422417734249191,110.45078594742864,0.9090909090909091,1.0,0.9523809523809523,0.8009159564971924,22,0.3422417734249191,110.45078594742864,0.9090909090909091,1.0,0.9523809523809523,6.978481769561768,22,0.3422417734249191,110.45078594742864,0.9090909090909091,1.0,0.9523809523809523,459.6161892414093,22.0,0.3422417734249191,110.45078594742864,0.9090909090909091,1.0,0.9523809523809523,32.75039100646973,0.40004490835473716,100.74448137338025
3,1,10000,200,20,0.5,0.9,21.06579207275637,10000,cv_rmse,62,0.3524352851248358,420.4848329273767,0.3225806451612903,1.0,0.4878048780487805,833.9195330142975,0,0.0,649.3325273419764,0.0,0.0,0.0,1161.9268202781677,34,0.34082748638640126,428.0221542190815,0.5882352941176471,1.0,0.7407407407407407,0.13134503364562988,43,0.34015758552043807,428.45714264144584,0.3023255813953488,0.65,0.4126984126984127,0.1526949405670166,25,0.3337036821596411,432.6478720219331,0.44,0.55,0.48888888888888893,57.18165874481201,58,0.34908189690520663,422.6622969751873,0.20689655172413793,0.6,0.3076923076923077,2521.749011039734,,,,,,,,0.3982578524182476,390.73074949744785
3,1,10000,200,20,0.5,0.9,21.06579207275637,10000,aic,67,0.32923555610226696,434.8263676966339,0.29850746268656714,1.0,0.45977011494252873,185.52313494682312,0,0.0,648.2549450145407,0.0,0.0,0.0,262.1701657772064,35,0.3224983199006056,439.19381438009185,0.5714285714285714,1.0,0.7272727272727273,1.3449108600616455,41,0.32362245636909914,438.46508735551976,0.3170731707317073,0.65,0.42622950819672134,1.2130811214447021,21,0.317631977667847,442.3484447966107,0.6190476190476191,0.65,0.6341463414634146,6.988446235656738,48,0.3264881243338782,436.607403926582,0.25,0.6,0.35294117647058826,448.65247893333435,,,,,,,,0.3720594740560238,407.06555111821405
3,1,10000,200,20,0.5,0.9,21.06579207275637,10000,bic,20,0.31964493569108765,426.68678068609324,1.0,1.0,1.0,176.9299352169037,0,0.0,627.1530897172214,0.0,0.0,0.0,271.49000787734985,19,0.3196101344667359,426.7086063814714,1.0,0.95,0.9743589743589743,1.5468170642852783,7,0.31475130259918127,429.75583779962477,1.0,0.35,0.5185185185185185,1.3930323123931885,7,0.311461031625229,431.81934140694585,1.0,0.35,0.5185185185185185,1.0972650051116943,9,0.31513237158421126,429.5168492082679,0.7777777777777778,0.35,0.48275862068965514,463.86296010017395,,,,,,,,0.38211546130423457,387.5081975315494
3,1,10000,200,20,0.5,0.9,21.06579207275637,10000,bayes_factor,19,0.3222827704744684,431.22937392641927,1.0,0.95,0.9743589743589743,178.51714992523193,0,0.0,636.2969025124565,0.0,0.0,0.0,287.462363243103,19,0.32117030501571764,431.93723225197454,1.0,0.95,0.9743589743589743,1.5616188049316406,8,0.31320213519851203,437.0073540253557,1.0,0.4,0.5714285714285715,1.433129072189331,7,0.3160802339125144,435.1760287285109,1.0,0.35,0.5185185185185185,1.2209670543670654,7,0.3139910788319087,436.5053516351685,1.0,0.35,0.5185185185185185,466.31609201431274,8.0,0.31439041088622743,436.2512578859315,1.0,0.4,0.5714285714285715,15.14267110824585,0.3878995996998297,389.4775887376331
4,1,10000,200,20,1.0,0.0,4.47213595499958,10000,cv_rmse,103,0.5334601151186449,19.146173309052024,0.1941747572815534,1.0,0.3252032520325203,857.0404233932495,4,0.1001776339701268,36.927507219989266,1.0,0.2,0.33333333333333337,1195.3114008903503,65,0.5211946280211956,19.649532505763418,0.3076923076923077,1.0,0.47058823529411764,0.0776512622833252,47,0.5169281424504417,19.824623371100685,0.425531914893617,1.0,0.5970149253731344,0.10566282272338867,57,0.5197975868085789,19.706865209876064,0.3508771929824561,1.0,0.5194805194805194,234.25580501556396,57,0.5197975868085789,19.706865209876064,0.3508771929824561,1.0,0.5194805194805194,2594.2083179950714,,,,,,,,0.5556303213748615,18.236337676484624
4,1,10000,200,20,1.0,0.0,4.47213595499958,10000,aic,108,0.530548561237784,18.079920958599924,0.18518518518518517,1.0,0.3125,187.27140974998474,2,0.002079197010356193,38.43279144817795,0.0,0.0,0.0,260.42696595191956,39,0.5106288727478675,18.8470852778045,0.5128205128205128,1.0,0.6779661016949152,0.9174790382385254,58,0.5145292942067499,18.696868863796364,0.3448275862068966,1.0,0.5128205128205129,0.6510419845581055,51,0.5127156777571444,18.766716433429,0.39215686274509803,1.0,0.5633802816901409,34.553194999694824,51,0.5127156777571444,18.766716433429,0.39215686274509803,1.0,0.5633802816901409,453.490131855011,,,,,,,,0.5516270411389304,17.268128259561692
4,1,10000,200,20,1.0,0.0,4.47213595499958,10000,bic,79,0.5188015973843412,20.71758865692703,0.25316455696202533,1.0,0.4040404040404041,187.74885606765747,2,0.033830620654026644,41.597602289208005,0.5,0.05,0.09090909090909091,280.024854183197,20,0.5081447712645105,21.176409257201115,1.0,1.0,1.0,0.9884300231933594,20,0.5081447712645105,21.176409257201115,1.0,1.0,1.0,0.7261769771575928,20,0.5081447712645106,21.17640925720111,1.0,1.0,1.0,6.833827972412109,20,0.5081447712645105,21.176409257201115,1.0,1.0,1.0,463.4881091117859,,,,,,,,0.545055341069853,19.587256013625918
4,1,10000,200,20,1.0,0.0,4.47213595499958,10000,bayes_factor,37,0.48503085149930536,20.611219098422925,0.5405405405405406,1.0,0.7017543859649124,188.37142992019653,0,0.0,40.02418233875057,0.0,0.0,0.0,277.9621880054474,20,0.48128190758819456,20.76126751309897,1.0,1.0,1.0,0.8924429416656494,20,0.48128190758819456,20.76126751309897,1.0,1.0,1.0,0.6549692153930664,20,0.48128190758819456,20.76126751309897,1.0,1.0,1.0,6.277013063430786,20,0.48128190758819456,20.76126751309897,1.0,1.0,1.0,458.40197706222534,20.0,0.48128190758819456,20.76126751309897,1.0,1.0,1.0,26.265846967697144,0.5254475999513506,18.993571788838846
5,1,10000,200,20,1.0,0.5,7.483315028428061,10000,cv_rmse,101,0.5344855105605096,52.94655054979655,0.19801980198019803,1.0,0.3305785123966942,848.0784420967102,6,0.2423602603738374,86.17220662873818,0.6666666666666666,0.2,0.30769230769230765,1169.7969598770142,47,0.5195283285405775,54.64774613417972,0.425531914893617,1.0,0.5970149253731344,0.08156085014343262,38,0.5168839506488023,54.948511611723106,0.5263157894736842,1.0,0.6896551724137931,0.1029958724975586,48,0.5198317773125696,54.613232566696794,0.4166666666666667,1.0,0.5882352941176471,170.99524402618408,60,0.522547772660302,54.30432148394,0.3333333333333333,1.0,0.5,4070.5912442207336,,,,,,,,0.5555235764842991,50.55372917436511
5,1,10000,200,20,1.0,0.5,7.483315028428061,10000,aic,109,0.5112530140451994,53.955765829368644,0.1834862385321101,1.0,0.31007751937984496,166.64249300956726,2,0.061657763592552595,103.58933237511258,0.5,0.05,0.09090909090909091,249.1483018398285,47,0.49919594270781986,55.28681959821544,0.425531914893617,1.0,0.5970149253731344,0.9680690765380859,56,0.49829109302795604,55.386711482647485,0.35714285714285715,1.0,0.5263157894736842,0.7703049182891846,49,0.4982330142978677,55.3931231484999,0.40816326530612246,1.0,0.5797101449275363,30.491585969924927,58,0.4997413743405853,55.22660606790398,0.3448275862068966,1.0,0.5128205128205129,433.21572399139404,,,,,,,,0.536673935398847,51.14939500941427
5,1,10000,200,20,1.0,0.5,7.483315028428061,10000,bic,76,0.4952716160857463,56.18146426087017,0.2631578947368421,1.0,0.4166666666666667,185.0346691608429,0,0.0,111.31029292462898,0.0,0.0,0.0,279.11499786376953,20,0.48274602527126464,57.575691443484175,1.0,1.0,1.0,1.0352940559387207,20,0.48274602527126464,57.575691443484175,1.0,1.0,1.0,0.8256289958953857,21,0.4827483323503209,57.575434641838626,0.9523809523809523,1.0,0.975609756097561,7.17916202545166,21,0.4827483323503209,57.57543464183862,0.9523809523809523,1.0,0.975609756097561,462.7672688961029,,,,,,,,0.5220260349372289,53.20342206148344
5,1,10000,200,20,1.0,0.5,7.483315028428061,10000,bayes_factor,43,0.4954734909462355,55.459951654555496,0.46511627906976744,1.0,0.6349206349206349,191.54925417900085,0,0.0,109.92475253395546,0.0,0.0,0.0,285.2056441307068,20,0.4900392072808555,56.057313941671715,1.0,1.0,1.0,1.0518567562103271,20,0.4900392072808555,56.057313941671715,1.0,1.0,1.0,0.8112919330596924,20,0.4900392072808555,56.057313941671715,1.0,1.0,1.0,5.980443954467773,20,0.4900392072808555,56.057313941671715,1.0,1.0,1.0,473.4336860179901,20.0,0.4900392072808555,56.057313941671715,1.0,1.0,1.0,27.631474018096924,0.5386185413514695,50.71724266569511
6,1,10000,200,20,1.0,0.9,14.895764425711846,10000,cv_rmse,71,0.5127833304827669,215.39131667148473,0.28169014084507044,1.0,0.43956043956043955,859.3382821083069,2,0.39000416654390846,269.670177464197,0.5,0.05,0.09090909090909091,1193.038153886795,23,0.5022793306621312,220.03498034975252,0.8695652173913043,1.0,0.9302325581395349,0.13913202285766602,27,0.50022891034269,220.94144098619174,0.5185185185185185,0.7,0.5957446808510639,0.14769792556762695,34,0.5040029591118502,219.27298958780824,0.4117647058823529,0.7,0.5185185185185185,100.2218108177185,66,0.5093849514258102,216.8936900208039,0.21212121212121213,0.7,0.3255813953488372,2532.1909408569336,,,,,,,,0.5512230204016526,198.39769567679193
6,1,10000,200,20,1.0,0.9,14.895764425711846,10000,aic,80,0.538123846068286,219.18357073333507,0.25,1.0,0.4,187.16428995132446,2,0.33290412216825793,316.5706981838842,0.5,0.05,0.09090909090909091,263.20345878601074,17,0.5244994073715896,225.64905525198557,1.0,0.85,0.9189189189189189,1.3197932243347168,63,0.5350762216613607,220.62982249168562,0.25396825396825395,0.8,0.38554216867469876,1.1722321510314941,23,0.5263677047005434,224.7624537761012,0.6956521739130435,0.8,0.7441860465116279,7.819471836090088,51,0.5324362078921758,221.8826424084304,0.29411764705882354,0.75,0.42253521126760557,465.55526208877563,,,,,,,,0.5679760543104555,205.0171896783798
6,1,10000,200,20,1.0,0.9,14.895764425711846,10000,bic,21,0.5106450408421144,217.1556871442176,0.9523809523809523,1.0,0.975609756097561,186.09747791290283,0,0.0,443.7590405089866,0.0,0.0,0.0,286.9315390586853,18,0.5100943057926051,217.40008080136252,1.0,0.9,0.9473684210526316,1.6939101219177246,10,0.5015434246305872,221.19461162132595,1.0,0.5,0.6666666666666666,1.468785047531128,12,0.5060730610282916,219.18454451962606,0.9166666666666666,0.55,0.6874999999999999,3.058730125427246,12,0.5038639715115796,220.16484796396063,0.9166666666666666,0.55,0.6874999999999999,483.58169412612915,,,,,,,,0.5557391644059813,197.14476213892237
6,1,10000,200,20,1.0,0.9,14.895764425711846,10000,bayes_factor,20,0.512117051800149,217.41501388820402,1.0,1.0,1.0,188.49204516410828,0,0.0,445.6294582346103,0.0,0.0,0.0,298.2991433143616,16,0.5057285980800102,220.26189705846633,1.0,0.8,0.888888888888889,1.6820948123931885,10,0.5032656245025684,221.35947063942788,1.0,0.5,0.6666666666666666,1.4128801822662354,10,0.5069259268803329,219.72833207384986,1.0,0.5,0.6666666666666666,2.360773801803589,12,0.5071213467715853,219.6412472135828,0.8333333333333334,0.5,0.625,477.92476201057434,11.0,0.5069820137213858,219.70333812525735,0.9090909090909091,0.5,0.6451612903225806,19.242474794387817,0.5577499251887025,197.07966124237436
7,1,10000,200,20,2.0,0.0,3.1622776601683795,10000,cv_rmse,111,0.6711445613974611,9.680508164309195,0.18018018018018017,1.0,0.3053435114503817,907.9533302783966,4,0.08770991589297372,26.85505717936516,0.75,0.15,0.24999999999999997,1240.9782299995422,45,0.6594896598501989,10.02359316865621,0.4444444444444444,1.0,0.6153846153846153,0.08567404747009277,40,0.6592068055834364,10.031919541637425,0.5,1.0,0.6666666666666666,0.10416722297668457,49,0.659806906388092,10.014254391370896,0.40816326530612246,1.0,0.5797101449275363,191.27575397491455,49,0.659806906388092,10.014254391370898,0.40816326530612246,1.0,0.5797101449275363,2780.724300146103,,,,,,,,0.6856143498813185,9.254561413514825
7,1,10000,200,20,2.0,0.0,3.1622776601683795,10000,aic,107,0.6777429167692617,9.2821325547466,0.18691588785046728,1.0,0.31496062992125984,202.44810581207275,0,0.0,28.80350204156887,0.0,0.0,0.0,279.3598749637604,34,0.6644223878468736,9.665810436757383,0.5882352941176471,1.0,0.7407407407407407,0.8312561511993408,52,0.6663214914392719,9.611109602556587,0.38461538461538464,1.0,0.5555555555555556,0.5456411838531494,43,0.6660048335613279,9.620230458390425,0.46511627906976744,1.0,0.6349206349206349,25.795439958572388,43,0.6660048335613279,9.620230458390425,0.46511627906976744,1.0,0.6349206349206349,498.1248559951782,,,,,,,,0.6895221643028284,8.942848974365365
7,1,10000,200,20,2.0,0.0,3.1622776601683795,10000,bic,83,0.6818972264694106,9.641597280887323,0.24096385542168675,1.0,0.38834951456310685,197.51656293869019,0,0.0,30.309692599898593,0.0,0.0,0.0,300.96201181411743,20,0.6697640237446221,10.009350925727915,1.0,1.0,1.0,0.9540548324584961,20,0.6697640237446221,10.009350925727915,1.0,1.0,1.0,0.6530261039733887,20,0.6697640237446222,10.009350925727913,1.0,1.0,1.0,6.324345111846924,20,0.6697640237446221,10.009350925727915,1.0,1.0,1.0,493.8445029258728,,,,,,,,0.6988564350937441,9.127568880746228
7,1,10000,200,20,2.0,0.0,3.1622776601683795,10000,bayes_factor,60,0.6752604165594975,9.530190587660314,0.3333333333333333,1.0,0.5,200.8054599761963,0,0.0,29.347178704521557,0.0,0.0,0.0,295.49591994285583,20,0.6677410975631182,9.750861385983365,1.0,1.0,1.0,0.9412660598754883,20,0.6677410975631182,9.750861385983365,1.0,1.0,1.0,0.6509332656860352,21,0.6677456599716493,9.750727492164879,0.9523809523809523,1.0,0.975609756097561,6.886938810348511,21,0.6677456599716493,9.750727492164879,0.9523809523809523,1.0,0.975609756097561,492.0499429702759,21.0,0.6677456599716493,9.750727492164879,0.9523809523809523,1.0,0.975609756097561,30.12733793258667,0.6985531385887607,8.846614911752786
8,1,10000,200,20,2.0,0.5,5.291502802356684,10000,cv_rmse,100,0.6756395876174324,26.478555426908564,0.2,1.0,0.33333333333333337,836.344822883606,0,0.0,81.63312912451956,0.0,0.0,0.0,1038.2289288043976,34,0.6683314973826726,27.075137700696345,0.5882352941176471,1.0,0.7407407407407407,0.0710139274597168,55,0.6705427877349113,26.894623149840243,0.36363636363636365,1.0,0.5333333333333333,0.09462714195251465,63,0.6717828822767854,26.793390351976814,0.31746031746031744,1.0,0.4819277108433735,237.17840099334717,68,0.6730169866260554,26.69264655227973,0.29411764705882354,1.0,0.45454545454545453,2196.731340646744,,,,,,,,0.6909734888731005,25.22680108572197
8,1,10000,200,20,2.0,0.5,5.291502802356684,10000,aic,101,0.6855125018593404,25.44172886430178,0.19801980198019803,1.0,0.3305785123966942,161.19909501075745,0,0.0,80.89901511099991,0.0,0.0,0.0,244.7409119606018,45,0.6762883014683994,26.187957591115406,0.4444444444444444,1.0,0.6153846153846153,0.9749839305877686,43,0.6760170176968637,26.209904181048238,0.46511627906976744,1.0,0.6349206349206349,0.727168083190918,46,0.6767830667256448,26.14793156909311,0.43478260869565216,1.0,0.6060606060606061,27.703563690185547,48,0.6767055210319928,26.154204939335656,0.4166666666666667,1.0,0.5882352941176471,472.7501697540283,,,,,,,,0.6999344884758971,24.275004351078312
8,1,10000,200,20,2.0,0.5,5.291502802356684,10000,bic,81,0.6834258232297563,27.287188447318417,0.24691358024691357,1.0,0.396039603960396,193.63984203338623,0,0.0,86.19524411532251,0.0,0.0,0.0,275.680410861969,20,0.6737751222299091,28.119032975884235,1.0,1.0,1.0,0.8892860412597656,20,0.6737751222299091,28.119032975884235,1.0,1.0,1.0,0.7029311656951904,20,0.6737751222299091,28.119032975884235,1.0,1.0,1.0,6.045827150344849,20,0.6737751222299091,28.119032975884235,1.0,1.0,1.0,474.6575849056244,,,,,,,,0.7041088135346895,25.504413048949854
8,1,10000,200,20,2.0,0.5,5.291502802356684,10000,bayes_factor,80,0.6890375167412017,25.912670218874872,0.25,1.0,0.4,191.52360701560974,0,0.0,83.33053539873194,0.0,0.0,0.0,272.831778049469,20,0.678413948894216,26.79793781540895,1.0,1.0,1.0,0.9935388565063477,20,0.678413948894216,26.79793781540895,1.0,1.0,1.0,0.6915359497070312,20,0.678413948894216,26.79793781540895,1.0,1.0,1.0,5.95980978012085,20,0.678413948894216,26.79793781540895,1.0,1.0,1.0,452.75836396217346,20.0,0.678413948894216,26.79793781540895,1.0,1.0,1.0,27.129385948181152,0.7104273189134611,24.130246551787543
9,1,10000,200,20,2.0,0.9,10.532896036378185,10000,cv_rmse,80,0.6526932367973179,106.90348256695488,0.25,1.0,0.4,849.2241590023041,2,0.5472817490139144,139.34988540315177,1.0,0.1,0.18181818181818182,2432.2337322235107,22,0.6433156655446022,109.7899654436216,0.9090909090909091,1.0,0.9523809523809523,0.2055959701538086,44,0.6472346008810212,108.58368937933022,0.4318181818181818,0.95,0.59375,0.1484832763671875,38,0.6466593377187924,108.76075945670978,0.5,0.95,0.6551724137931034,116.40699577331543,78,0.6526352609074508,106.92132795664598,0.24358974358974358,0.95,0.3877551020408163,2628.730255126953,,,,,,,,0.6753280130394061,99.93633806020974
9,1,10000,200,20,2.0,0.9,10.532896036378185,10000,aic,112,0.6886571757248121,107.04226944197808,0.17857142857142858,1.0,0.30303030303030304,178.44377613067627,0,0.0,343.80837165967944,0.0,0.0,0.0,265.2964370250702,43,0.6777331185190727,110.79805176180051,0.46511627906976744,1.0,0.6349206349206349,1.3164308071136475,42,0.677300646473733,110.94673927149711,0.4523809523809524,0.95,0.6129032258064516,1.1329758167266846,36,0.6763233654156176,111.2827366807416,0.5277777777777778,0.95,0.6785714285714285,18.30685305595398,65,0.6815882081239386,109.47263968214942,0.2923076923076923,0.95,0.44705882352941173,435.09444284439087,,,,,,,,0.7025302803512397,102.27257993050164
9,1,10000,200,20,2.0,0.9,10.532896036378185,10000,bic,34,0.6781815098995356,109.74775332562507,0.5882352941176471,1.0,0.7407407407407407,172.63392615318298,0,0.0,341.0237655747012,0.0,0.0,0.0,254.96961212158203,19,0.6744656720528603,111.01494234036326,1.0,0.95,0.9743589743589743,1.2758879661560059,14,0.6695352464628539,112.69633464095311,1.0,0.7,0.8235294117647058,1.1129741668701172,14,0.6682934897237922,113.11980320003568,0.9285714285714286,0.65,0.7647058823529412,3.3489432334899902,14,0.668235239563827,113.13966788893235,0.9285714285714286,0.65,0.7647058823529412,436.36901021003723,,,,,,,,0.6993502754342805,102.5287011903984
9,1,10000,200,20,2.0,0.9,10.532896036378185,10000,bayes_factor,22,0.65005037655151,112.24690627528307,0.9090909090909091,1.0,0.9523809523809523,167.90827775001526,2,0.5502750657606531,144.24999817338602,1.0,0.1,0.18181818181818182,250.97887182235718,19,0.6479596795967062,112.91750069634098,1.0,0.95,0.9743589743589743,1.2012608051300049,15,0.6459932553019414,113.54823446120926,1.0,0.75,0.8571428571428571,1.0122148990631104,12,0.6445844481020213,114.0001116433336,1.0,0.6,0.7499999999999999,2.432398796081543,12,0.6450784087033825,113.84167298356793,1.0,0.6,0.7499999999999999,420.50340032577515,11.0,0.6442206712369374,114.11679365967014,1.0,0.55,0.7096774193548387,16.977193117141724,0.6827945630737726,101.74415562390026
1,2,10000,200,20,0.5,0.0,6.324555320336759,10000,cv_rmse,100,0.3935742044689847,36.2081735393178,0.2,1.0,0.33333333333333337,779.5356812477112,0,0.0,59.70750882655346,0.0,0.0,0.0,1150.109111070633,84,0.38525243313757196,36.70504577454068,0.23809523809523808,1.0,0.3846153846153846,0.07365202903747559,32,0.37093929924305025,37.55964734288348,0.625,1.0,0.7692307692307693,0.1054229736328125,62,0.3790582319424919,37.07488609706938,0.3225806451612903,1.0,0.4878048780487805,252.46644616127014,63,0.3791337878325387,37.07037484309751,0.31746031746031744,1.0,0.4819277108433735,2457.5261046886444,,,,,,,,0.42867479597855207,34.11240466194306
1,2,10000,200,20,0.5,0.0,6.324555320336759,10000,aic,92,0.3655296503040215,37.57306493578318,0.21739130434782608,1.0,0.3571428571428571,173.15902471542358,0,0.0,59.219575751313215,0.0,0.0,0.0,256.5329558849335,58,0.350779520126019,38.44656138720113,0.3448275862068966,1.0,0.5128205128205129,0.9600052833557129,51,0.3483082023701096,38.59291177625278,0.39215686274509803,1.0,0.5633802816901409,0.6998043060302734,47,0.3477919544838074,38.623483757062104,0.425531914893617,1.0,0.5970149253731344,28.845664978027344,47,0.3477919544838075,38.6234837570621,0.425531914893617,1.0,0.5970149253731344,440.2907497882843,,,,,,,,0.4072767848880321,35.1008173368851
1,2,10000,200,20,0.5,0.0,6.324555320336759,10000,bic,49,0.3389074840598155,42.20986809838886,0.40816326530612246,1.0,0.5797101449275363,172.81325006484985,2,0.0007213949247484308,63.80259509333906,0.0,0.0,0.0,246.4221968650818,20,0.3254190031987747,43.07108946191084,1.0,1.0,1.0,0.9020180702209473,20,0.3254190031987747,43.07108946191084,1.0,1.0,1.0,0.6833662986755371,20,0.3254190031987746,43.071089461910844,1.0,1.0,1.0,5.74786114692688,20,0.3254190031987747,43.07108946191084,1.0,1.0,1.0,423.1645131111145,,,,,,,,0.38218740568671816,39.44650330581956
1,2,10000,200,20,0.5,0.0,6.324555320336759,10000,bayes_factor,25,0.36002414621447965,37.81229947171867,0.8,1.0,0.888888888888889,164.45080184936523,2,0.012905024778629315,58.32146726993226,0.5,0.05,0.09090909090909091,243.9462389945984,20,0.35846149051229514,37.904627338516576,1.0,1.0,1.0,0.7904300689697266,20,0.35846149051229514,37.904627338516576,1.0,1.0,1.0,0.6093778610229492,20,0.35846149051229526,37.90462733851657,1.0,1.0,1.0,5.236129999160767,20,0.35846149051229514,37.904627338516576,1.0,1.0,1.0,415.8183469772339,20.0,0.35846149051229514,37.904627338516576,1.0,1.0,1.0,21.791654109954834,0.41179731606461945,34.75333624460021
2,2,10000,200,20,0.5,0.5,10.583005604713367,10000,cv_rmse,95,0.3505627526110584,108.23274194208565,0.21052631578947367,1.0,0.34782608695652173,758.9229769706726,2,0.051914713157532044,158.00428848586603,0.5,0.05,0.09090909090909091,1102.6671998500824,49,0.3335774450962561,111.06344870004835,0.40816326530612246,1.0,0.5797101449275363,0.08826804161071777,63,0.3391334749920588,110.1375018863221,0.31746031746031744,1.0,0.4819277108433735,0.11341309547424316,54,0.3367327152528026,110.53760337475468,0.37037037037037035,1.0,0.5405405405405406,196.444354057312,71,0.3398219127239571,110.0227694719444,0.28169014084507044,1.0,0.43956043956043955,2370.3761060237885,,,,,,,,0.3850071228017887,102.49237419262344
2,2,10000,200,20,0.5,0.5,10.583005604713367,10000,aic,94,0.3524178655423884,105.58081262169623,0.2127659574468085,1.0,0.3508771929824561,166.9258677959442,0,0.0,163.0384888708,0.0,0.0,0.0,257.7670798301697,38,0.33299837080554673,108.74693769822535,0.5263157894736842,1.0,0.6896551724137931,1.0998218059539795,51,0.3357622608051706,108.29631724928154,0.39215686274509803,1.0,0.5633802816901409,0.9382898807525635,42,0.3352213694752695,108.38450335435193,0.47619047619047616,1.0,0.6451612903225806,23.2725932598114,53,0.33809536243028815,107.91593188594038,0.37735849056603776,1.0,0.5479452054794521,426.9965629577637,,,,,,,,0.3807530443304571,100.96108789020556
2,2,10000,200,20,0.5,0.5,10.583005604713367,10000,bic,48,0.33788461525794355,114.40352445961511,0.4166666666666667,1.0,0.5882352941176471,167.7862570285797,0,0.0,172.7848757119333,0.0,0.0,0.0,245.25537705421448,20,0.3282115667554014,116.07488094288236,1.0,1.0,1.0,1.0419387817382812,20,0.3282115667554014,116.07488094288236,1.0,1.0,1.0,0.8244130611419678,20,0.3282115667554014,116.07488094288236,1.0,1.0,1.0,5.650180816650391,20,0.3282115667554014,116.07488094288236,1.0,1.0,1.0,417.8390939235687,,,,,,,,0.39629387737485433,104.31128736431897
2,2,10000,200,20,0.5,0.5,10.583005604713367,10000,bayes_factor,21,0.3325789228386937,105.31282677696191,0.9523809523809523,1.0,0.975609756097561,161.50167393684387,0,0.0,157.79068174604456,0.0,0.0,0.0,235.54089093208313,20,0.3325778038697069,105.3130033398412,1.0,1.0,1.0,0.9075689315795898,20,0.3325778038697069,105.3130033398412,1.0,1.0,1.0,0.7726857662200928,20,0.3325778038697069,105.3130033398412,1.0,1.0,1.0,5.119045972824097,20,0.3325778038697069,105.3130033398412,1.0,1.0,1.0,404.961767911911,20.0,0.3325778038697069,105.3130033398412,1.0,1.0,1.0,21.232613801956177,0.3968271594949039,95.17505371399731
3,2,10000,200,20,0.5,0.9,21.06579207275637,10000,cv_rmse,55,0.35302661383166456,405.2933949265294,0.36363636363636365,1.0,0.5333333333333333,713.945455789566,2,0.21687025294558804,490.5878984163554,0.5,0.05,0.09090909090909091,1065.8518850803375,21,0.3400980892120212,413.3924075698765,0.8571428571428571,0.9,0.8780487804878048,0.11951422691345215,16,0.3356844609036329,416.1573039926563,0.625,0.5,0.5555555555555556,0.14123201370239258,28,0.3427257153557691,411.74634369280665,0.42857142857142855,0.6,0.5,57.64781212806702,62,0.3570658948372216,402.76300658783737,0.1935483870967742,0.6,0.2926829268292683,2307.2133078575134,,,,,,,,0.40013645212179827,375.7816612088147
3,2,10000,200,20,0.5,0.9,21.06579207275637,10000,aic,61,0.37221631324563054,428.3294312016815,0.32786885245901637,1.0,0.49382716049382713,170.42616200447083,2,0.0001134189520511919,682.210862694866,0.0,0.0,0.0,257.31792998313904,46,0.3738253908019725,427.2315764962963,0.41304347826086957,0.95,0.5757575757575758,1.3661677837371826,50,0.3725701165379365,428.0880353735513,0.28,0.7,0.4,1.2526288032531738,31,0.36664659054657744,432.12958753892315,0.41935483870967744,0.65,0.5098039215686274,12.848259210586548,55,0.3725483116130074,428.1029126175596,0.21818181818181817,0.6,0.32,417.7923970222473,,,,,,,,0.4196577779993276,395.9606773744155
3,2,10000,200,20,0.5,0.9,21.06579207275637,10000,bic,20,0.324303707997352,459.75877988547217,0.95,0.95,0.9500000000000001,169.33543705940247,0,0.0,680.422233075789,0.0,0.0,0.0,236.79069781303406,12,0.3172177340229546,464.58023412064847,1.0,0.6,0.7499999999999999,1.3029780387878418,7,0.3134950631754919,467.11322213168523,1.0,0.35,0.5185185185185185,1.2301948070526123,7,0.3137525834240992,466.93799962906564,1.0,0.35,0.5185185185185185,1.0920162200927734,8,0.31416627779274997,466.6565127829374,1.0,0.4,0.5714285714285715,411.80364179611206,,,,,,,,0.3768900065054759,423.97789322538443
3,2,10000,200,20,0.5,0.9,21.06579207275637,10000,bayes_factor,17,0.3446290350622545,447.5486188468881,1.0,0.85,0.9189189189189189,163.40824604034424,0,0.0,682.8935714132549,0.0,0.0,0.0,234.73577690124512,13,0.34157740817133553,449.6325552330485,1.0,0.65,0.787878787878788,1.3293640613555908,6,0.33931915454886474,451.1747021144545,1.0,0.3,0.4615384615384615,1.4233200550079346,8,0.34183099956351315,449.45937930156464,1.0,0.4,0.5714285714285715,1.4030981063842773,8,0.34059547498086595,450.3031110963775,1.0,0.4,0.5714285714285715,403.5635190010071,8.0,0.34183099956351315,449.45937930156464,1.0,0.4,0.5714285714285715,14.222220182418823,0.41532339463122003,399.2718951620644
4,2,10000,200,20,1.0,0.0,4.47213595499958,10000,cv_rmse,95,0.5190602023574932,19.27576880939606,0.21052631578947367,1.0,0.34782608695652173,723.1356511116028,2,0.06361445159010504,37.52975203151166,1.0,0.1,0.18181818181818182,1055.5501940250397,58,0.5062437187973949,19.7894455216683,0.3448275862068966,1.0,0.5128205128205129,0.07481598854064941,21,0.498235041682242,20.110428333441217,0.9523809523809523,1.0,0.975609756097561,0.09935307502746582,55,0.5081908304434907,19.7114064944965,0.36363636363636365,1.0,0.5333333333333333,204.9079577922821,58,0.5089534888587803,19.680839618214428,0.3448275862068966,1.0,0.5128205128205129,2315.8679118156433,,,,,,,,0.5428327009344721,18.322981810196303
4,2,10000,200,20,1.0,0.0,4.47213595499958,10000,aic,106,0.5149575545310083,18.78570682765604,0.18867924528301888,1.0,0.3174603174603175,167.66931915283203,2,0.022413174928055724,37.861963764065365,0.5,0.05,0.09090909090909091,246.09462523460388,58,0.5063282270528959,19.119920910646062,0.3448275862068966,1.0,0.5128205128205129,0.7933869361877441,57,0.5063932274090039,19.11740344512331,0.3508771929824561,1.0,0.5194805194805194,0.5726709365844727,49,0.5043109438492936,19.198050342833355,0.40816326530612246,1.0,0.5797101449275363,27.75813913345337,49,0.5043109438492936,19.198050342833355,0.40816326530612246,1.0,0.5797101449275363,407.3205530643463,,,,,,,,0.5394157923894336,17.838438624179137
4,2,10000,200,20,1.0,0.0,4.47213595499958,10000,bic,65,0.5150795410340596,19.40476686743315,0.3076923076923077,1.0,0.47058823529411764,167.3335018157959,0,0.0,40.01639136614793,0.0,0.0,0.0,229.26583194732666,20,0.5008902546570064,19.972570904303662,1.0,1.0,1.0,0.7619218826293945,20,0.5008902546570064,19.972570904303662,1.0,1.0,1.0,0.5328867435455322,20,0.5008902546570064,19.972570904303662,1.0,1.0,1.0,5.081323623657227,20,0.5008902546570064,19.972570904303662,1.0,1.0,1.0,402.38411712646484,,,,,,,,0.547204274854292,18.1192509463494
4,2,10000,200,20,1.0,0.0,4.47213595499958,10000,bayes_factor,37,0.5134339518546944,20.948236538525506,0.5405405405405406,1.0,0.7017543859649124,163.57624125480652,2,0.0012798759027149442,42.99812014242229,0.0,0.0,0.0,226.49201011657715,21,0.5092631220238255,21.127804205016055,0.9523809523809523,1.0,0.975609756097561,0.7521522045135498,21,0.5092631220238255,21.127804205016055,0.9523809523809523,1.0,0.975609756097561,0.5331287384033203,21,0.5092631220238255,21.127804205016055,0.9523809523809523,1.0,0.975609756097561,5.274740219116211,21,0.5092631220238255,21.127804205016055,0.9523809523809523,1.0,0.975609756097561,409.35640597343445,21.0,0.5092631220238255,21.127804205016055,0.9523809523809523,1.0,0.975609756097561,22.880001068115234,0.5452888925283692,19.576778676439833
5,2,10000,200,20,1.0,0.5,7.483315028428061,10000,cv_rmse,92,0.49551789484967945,54.8386229751307,0.21739130434782608,1.0,0.3571428571428571,711.6220979690552,0,0.0,108.70281109136752,0.0,0.0,0.0,1027.4438288211823,34,0.4793413856299388,56.59705500096193,0.5882352941176471,1.0,0.7407407407407407,0.07668805122375488,46,0.4832858183848332,56.16828407234404,0.43478260869565216,1.0,0.6060606060606061,0.09759378433227539,60,0.49059602057084706,55.37364454507808,0.3333333333333333,1.0,0.5,229.4744791984558,72,0.4939637214233572,55.007565995495426,0.2777777777777778,1.0,0.4347826086956522,2219.9568798542023,,,,,,,,0.522399897228645,51.91647374877232
5,2,10000,200,20,1.0,0.5,7.483315028428061,10000,aic,113,0.527048275213924,52.78050841624274,0.17699115044247787,1.0,0.3007518796992481,166.1930639743805,0,0.0,111.59808845208512,0.0,0.0,0.0,238.17896008491516,46,0.5083477363400608,54.86745280758978,0.43478260869565216,1.0,0.6060606060606061,0.8657989501953125,59,0.5109579552801305,54.576157363436565,0.3389830508474576,1.0,0.5063291139240507,0.6972348690032959,48,0.5080774496991181,54.89761628005312,0.4166666666666667,1.0,0.5882352941176471,26.988988876342773,65,0.5120949910657465,54.449266343260206,0.3076923076923077,1.0,0.47058823529411764,406.8243839740753,,,,,,,,0.5525446319725638,49.93516373948612
5,2,10000,200,20,1.0,0.5,7.483315028428061,10000,bic,60,0.5163360200550963,53.47972977553825,0.3333333333333333,1.0,0.5,158.16315913200378,2,9.61749173425952e-05,110.56144055432681,0.0,0.0,0.0,232.72862911224365,20,0.5029224674058024,54.962894122603984,1.0,1.0,1.0,0.8565168380737305,20,0.5029224674058024,54.962894122603984,1.0,1.0,1.0,0.6788582801818848,20,0.5029224674058024,54.962894122603984,1.0,1.0,1.0,5.596405982971191,20,0.5029224674058024,54.962894122603984,1.0,1.0,1.0,399.5680010318756,,,,,,,,0.555358620162022,49.16491991705964
5,2,10000,200,20,1.0,0.5,7.483315028428061,10000,bayes_factor,43,0.5126248956217923,54.33298876664895,0.46511627906976744,1.0,0.6349206349206349,157.77659225463867,0,0.0,111.48084561267626,0.0,0.0,0.0,227.14786410331726,21,0.5065155747316192,55.01406102560463,0.9523809523809523,1.0,0.975609756097561,0.8475468158721924,21,0.5065155747316192,55.01406102560463,0.9523809523809523,1.0,0.975609756097561,0.6726319789886475,21,0.5065155747316192,55.01406102560463,0.9523809523809523,1.0,0.975609756097561,5.9496071338653564,21,0.5065155747316192,55.01406102560463,0.9523809523809523,1.0,0.975609756097561,384.91218519210815,21.0,0.5065155747316192,55.01406102560463,0.9523809523809523,1.0,0.975609756097561,29.100075006484985,0.5504156556628075,50.12004288093085
6,2,10000,200,20,1.0,0.9,14.895764425711846,10000,cv_rmse,58,0.49519877875507323,224.7242618459966,0.3448275862068966,1.0,0.5128205128205129,682.1512687206268,2,0.4023804047101718,266.04456717637066,1.0,0.1,0.18181818181818182,1017.455493927002,23,0.487456929405106,228.17073009384214,0.8260869565217391,0.95,0.8837209302325583,0.11287903785705566,26,0.48809008307139,227.88886669038234,0.5769230769230769,0.75,0.6521739130434783,0.12010693550109863,34,0.48822576866964407,227.82846302131915,0.4117647058823529,0.7,0.5185185185185185,87.60832118988037,56,0.49314341967656017,225.63925379195152,0.25,0.7,0.3684210526315789,2219.9528942108154,,,,,,,,0.5278836172283914,210.1738291403113
6,2,10000,200,20,1.0,0.9,14.895764425711846,10000,aic,88,0.48540598021114323,219.8276298886714,0.22727272727272727,1.0,0.37037037037037035,158.62468695640564,2,0.2889044607410898,303.7704306859842,0.5,0.05,0.09090909090909091,238.72909879684448,29,0.4694818730625162,226.63019384775555,0.6551724137931034,0.95,0.7755102040816326,1.1020679473876953,25,0.4665623072655488,227.87739300820192,0.56,0.7,0.6222222222222222,0.9592950344085693,26,0.4660998622069804,228.07494330468717,0.5769230769230769,0.75,0.6521739130434783,9.574711084365845,48,0.4726976742240848,225.2564469320201,0.2916666666666667,0.7,0.4117647058823529,402.18372678756714,,,,,,,,0.5165626508976384,206.51792008084203
6,2,10000,200,20,1.0,0.9,14.895764425711846,10000,bic,23,0.4886664484659905,216.54868905858606,0.8695652173913043,1.0,0.9302325581395349,164.00848412513733,0,0.0,423.4979074010228,0.0,0.0,0.0,247.86481285095215,17,0.48473986360370447,218.21158953099675,1.0,0.85,0.9189189189189189,1.3039491176605225,10,0.48465466963605663,218.24766899801878,1.0,0.5,0.6666666666666666,1.0575969219207764,10,0.4824450277259962,219.18344772303502,1.0,0.5,0.6666666666666666,1.8788018226623535,10,0.48465466963605663,218.24766899801878,1.0,0.5,0.6666666666666666,386.75999784469604,,,,,,,,0.5361947991612825,196.42053199690793
6,2,10000,200,20,1.0,0.9,14.895764425711846,10000,bayes_factor,20,0.496272879455791,220.10259409692162,1.0,1.0,1.0,157.18348002433777,0,0.0,436.9480719226127,0.0,0.0,0.0,232.37983202934265,16,0.4915184172371998,222.18004719636397,1.0,0.8,0.888888888888889,1.2098350524902344,8,0.48739696341700967,223.98090849661415,1.0,0.4,0.5714285714285715,1.1307189464569092,10,0.49056568037604364,222.59634373089577,1.0,0.5,0.6666666666666666,1.945756196975708,8,0.48739696341700967,223.98090849661415,1.0,0.4,0.5714285714285715,386.22192120552063,9.0,0.4894494008195718,223.08409993082276,1.0,0.45,0.6206896551724138,13.986341953277588,0.5375226427727938,202.07858954829314
7,2,10000,200,20,2.0,0.0,3.1622776601683795,10000,cv_rmse,100,0.6958988247757381,9.205695924212728,0.2,1.0,0.33333333333333337,706.6152436733246,6,0.14500542279255457,25.882241621783155,0.6666666666666666,0.2,0.30769230769230765,1014.88054895401,50,0.689603047807983,9.396280548981359,0.4,1.0,0.5714285714285715,0.06390619277954102,47,0.6886863947608599,9.424029304682794,0.425531914893617,1.0,0.5970149253731344,0.09116005897521973,64,0.6919733729782975,9.32452649297243,0.3125,1.0,0.47619047619047616,240.1143879890442,64,0.6919733729782975,9.32452649297243,0.3125,1.0,0.47619047619047616,2204.379807949066,,,,,,,,0.7147693833695494,8.634449778233325
7,2,10000,200,20,2.0,0.0,3.1622776601683795,10000,aic,93,0.6844823433174174,9.155953746868873,0.21505376344086022,1.0,0.35398230088495575,155.32888412475586,2,0.03314937574657195,28.05687544992584,0.5,0.05,0.09090909090909091,236.9976670742035,73,0.6763612371611782,9.391618758842329,0.273972602739726,1.0,0.43010752688172044,0.8058328628540039,66,0.6739669177347526,9.461099111080228,0.30303030303030304,1.0,0.4651162790697675,0.5617120265960693,56,0.6713230601145894,9.537820770140577,0.35714285714285715,1.0,0.5263157894736842,35.02458691596985,56,0.6713230601145894,9.537820770140577,0.35714285714285715,1.0,0.5263157894736842,392.9201657772064,,,,,,,,0.7028442149845608,8.623113685054392
7,2,10000,200,20,2.0,0.0,3.1622776601683795,10000,bic,92,0.6745001416191143,9.330607068555768,0.21739130434782608,1.0,0.3571428571428571,153.09555912017822,0,0.0,28.665471975835704,0.0,0.0,0.0,231.6143229007721,20,0.6632543373829776,9.652973354732483,1.0,1.0,1.0,0.7863469123840332,20,0.6632543373829776,9.652973354732483,1.0,1.0,1.0,0.5376889705657959,20,0.6632543373829776,9.652973354732483,1.0,1.0,1.0,5.165201187133789,20,0.6632543373829776,9.652973354732483,1.0,1.0,1.0,396.06470680236816,,,,,,,,0.6965302488791714,8.699103646267947
7,2,10000,200,20,2.0,0.0,3.1622776601683795,10000,bayes_factor,56,0.6794237721995539,9.619138590336318,0.35714285714285715,1.0,0.5263157894736842,159.00084710121155,0,0.0,30.00577633699055,0.0,0.0,0.0,229.81591510772705,20,0.6747551837352859,9.7592232116046,1.0,1.0,1.0,0.7353761196136475,20,0.6747551837352859,9.7592232116046,1.0,1.0,1.0,0.49663209915161133,20,0.6747551837352859,9.7592232116046,1.0,1.0,1.0,4.86995005607605,20,0.6747551837352859,9.7592232116046,1.0,1.0,1.0,384.64975476264954,20.0,0.6747551837352859,9.7592232116046,1.0,1.0,1.0,22.949937105178833,0.7051016077097683,8.848655201198792
8,2,10000,200,20,2.0,0.5,5.291502802356684,10000,cv_rmse,113,0.6907681186616939,26.842856194698605,0.17699115044247787,1.0,0.3007518796992481,701.9589698314667,0,0.0,86.80494416852176,0.0,0.0,0.0,1004.8334999084473,26,0.6750874087477674,28.204019343299777,0.7692307692307693,1.0,0.8695652173913044,0.07724118232727051,20,0.6747520457878173,28.23313050631444,1.0,1.0,1.0,0.09630799293518066,45,0.676597173052135,28.072964337151532,0.4444444444444444,1.0,0.6153846153846153,134.1308889389038,50,0.6787946912619414,27.88220889163997,0.4,1.0,0.5714285714285715,2242.236238002777,,,,,,,,0.7075445358832273,25.386580234435577
8,2,10000,200,20,2.0,0.5,5.291502802356684,10000,aic,105,0.7010267414906586,24.75762587196249,0.19047619047619047,1.0,0.32,155.368901014328,2,0.0005553467551755453,82.76284283129463,0.0,0.0,0.0,236.4104928970337,37,0.6864653084374024,25.963441112728848,0.5405405405405406,1.0,0.7017543859649124,0.9664101600646973,58,0.6918451159995829,25.517945540477005,0.3448275862068966,1.0,0.5128205128205129,0.7664880752563477,42,0.687679846924131,25.862866601110493,0.47619047619047616,1.0,0.6451612903225806,21.432505130767822,52,0.6916389151861648,25.535020788673286,0.38461538461538464,1.0,0.5555555555555556,396.2752740383148,,,,,,,,0.7166623008216162,23.462863490387736
8,2,10000,200,20,2.0,0.5,5.291502802356684,10000,bic,78,0.6678025827770859,26.73222137573706,0.2564102564102564,1.0,0.4081632653061224,155.37941098213196,0,0.0,80.47088866377,0.0,0.0,0.0,233.61266374588013,20,0.6594521816754993,27.40418557308066,1.0,1.0,1.0,0.9679141044616699,20,0.6594521816754993,27.40418557308066,1.0,1.0,1.0,0.705704927444458,20,0.6594521816754993,27.40418557308066,1.0,1.0,1.0,5.272853136062622,20,0.6594521816754993,27.40418557308066,1.0,1.0,1.0,382.4603099822998,,,,,,,,0.6898541342227484,24.957713434489765
8,2,10000,200,20,2.0,0.5,5.291502802356684,10000,bayes_factor,72,0.6642756914275596,28.39885759321069,0.2777777777777778,1.0,0.4347826086956522,140.17363929748535,0,0.0,84.5898163107929,0.0,0.0,0.0,206.49315404891968,20,0.6548521807855516,29.19599062742095,1.0,1.0,1.0,0.7582180500030518,20,0.6548521807855516,29.19599062742095,1.0,1.0,1.0,0.5654358863830566,20,0.6548521807855516,29.19599062742095,1.0,1.0,1.0,4.641523122787476,20,0.6548521807855516,29.19599062742095,1.0,1.0,1.0,351.9431781768799,20.0,0.6548521807855516,29.19599062742095,1.0,1.0,1.0,21.131861925125122,0.6847077315104951,26.67051507574041
9,2,10000,200,20,2.0,0.9,10.532896036378185,10000,cv_rmse,72,0.6649404708175809,104.73887253491452,0.2777777777777778,1.0,0.4347826086956522,638.4354870319366,0,0.0,312.59780251732735,0.0,0.0,0.0,888.188905954361,24,0.6561676209880902,107.48124611342783,0.8333333333333334,1.0,0.9090909090909091,0.09560871124267578,31,0.6549521635567819,107.86119543550815,0.5483870967741935,0.85,0.6666666666666665,0.11020016670227051,35,0.6572345594266983,107.14772350209768,0.45714285714285713,0.8,0.5818181818181818,73.19405603408813,62,0.6627273611110531,105.43068576590485,0.24193548387096775,0.75,0.36585365853658536,2021.0041949748993,,,,,,,,0.68652610905783,97.99124945507867
9,2,10000,200,20,2.0,0.9,10.532896036378185,10000,aic,90,0.6855829119613422,107.66466536623658,0.2222222222222222,1.0,0.3636363636363636,156.45503306388855,0,0.0,342.4262530953761,0.0,0.0,0.0,232.4807209968567,40,0.6784904185217147,110.09332131987178,0.5,1.0,0.6666666666666666,1.1816859245300293,44,0.6793351729618345,109.80405522215585,0.4318181818181818,0.95,0.59375,1.0278167724609375,39,0.6775525915512282,110.41445789542728,0.46153846153846156,0.9,0.6101694915254238,17.395692110061646,67,0.6847250607229916,107.95841615149824,0.2835820895522388,0.95,0.4367816091954023,388.410542011261,,,,,,,,0.706131031510856,100.62844978074074
9,2,10000,200,20,2.0,0.9,10.532896036378185,10000,bic,32,0.6586246797800575,106.39061334670012,0.625,1.0,0.7692307692307693,156.5736117362976,0,0.0,311.6529140951209,0.0,0.0,0.0,222.706298828125,18,0.6549426163879319,107.53813913273902,1.0,0.9,0.9473684210526316,1.0219361782073975,10,0.6489409293859636,109.40858237638923,1.0,0.5,0.6666666666666666,0.8795671463012695,13,0.6502229561022699,109.0090350143046,1.0,0.65,0.787878787878788,2.415328025817871,11,0.6507463352219237,108.84592238648794,1.0,0.55,0.7096774193548387,397.3199768066406,,,,,,,,0.6858428117928623,97.9080031886838
9,2,10000,200,20,2.0,0.9,10.532896036378185,10000,bayes_factor,20,0.653616643472098,113.415292247174,1.0,1.0,1.0,163.61195397377014,0,0.0,327.42708363367365,0.0,0.0,0.0,248.2675483226776,19,0.6524645419698811,113.7925214820948,1.0,0.95,0.9743589743589743,1.2517802715301514,13,0.6472594329325425,115.49681515418587,1.0,0.65,0.787878787878788,1.0583901405334473,13,0.6504298929712348,114.45872066993977,1.0,0.65,0.787878787878788,2.76792311668396,13,0.6489924636210123,114.92937397001256,1.0,0.65,0.787878787878788,427.18303418159485,13.0,0.6489924636210123,114.92937397001256,1.0,0.65,0.787878787878788,17.4345920085907,0.6832775808292729,103.7034980304731
1,3,10000,200,20,0.5,0.0,6.324555320336759,10000,cv_rmse,95,0.34875084878200746,39.59837561396742,0.21052631578947367,1.0,0.34782608695652173,774.5616171360016,0,0.0,60.80372702199909,0.0,0.0,0.0,1085.6564700603485,62,0.34074664404027,40.08506109411222,0.3225806451612903,1.0,0.4878048780487805,0.07311224937438965,25,0.3271995322787187,40.9087759795981,0.8,1.0,0.888888888888889,0.10473299026489258,57,0.3398364831664481,40.14040226743019,0.3508771929824561,1.0,0.5194805194805194,216.7963421344757,57,0.3398364831664481,40.14040226743019,0.3508771929824561,1.0,0.5194805194805194,2390.033759832382,,,,,,,,0.39191035767836735,36.974116616629615
1,3,10000,200,20,0.5,0.0,6.324555320336759,10000,aic,104,0.3232764003269035,39.516923841194824,0.19230769230769232,1.0,0.32258064516129037,168.90271186828613,0,0.0,58.39448167654296,0.0,0.0,0.0,240.26837706565857,62,0.3184537596664495,39.79853944287426,0.3225806451612903,1.0,0.4878048780487805,0.8431978225708008,53,0.31546547201870345,39.9730389511648,0.37735849056603776,1.0,0.5479452054794521,0.6248841285705566,51,0.3153763931963113,39.97824066282675,0.39215686274509803,1.0,0.5633802816901409,28.94048571586609,51,0.3153763931963113,39.97824066282675,0.39215686274509803,1.0,0.5633802816901409,404.1594560146332,,,,,,,,0.3618429726865129,37.26484883821455
1,3,10000,200,20,0.5,0.0,6.324555320336759,10000,bic,47,0.3535996189224557,38.65528456923019,0.425531914893617,1.0,0.5970149253731344,160.8737826347351,0,0.0,59.80083815048522,0.0,0.0,0.0,232.43009495735168,20,0.34159861951297754,39.372954392560466,1.0,1.0,1.0,0.8391571044921875,20,0.34159861951297754,39.372954392560466,1.0,1.0,1.0,0.6388771533966064,20,0.34159861951297754,39.372954392560466,1.0,1.0,1.0,5.296013116836548,20,0.34159861951297754,39.372954392560466,1.0,1.0,1.0,393.76151180267334,,,,,,,,0.4061266292230229,35.5141253277171
1,3,10000,200,20,0.5,0.0,6.324555320336759,10000,bayes_factor,23,0.3560375518618768,39.66210590542739,0.8695652173913043,1.0,0.9302325581395349,167.0578591823578,0,0.0,61.59071234681728,0.0,0.0,0.0,242.90653896331787,20,0.3556060339925676,39.68868339838852,1.0,1.0,1.0,0.9270048141479492,20,0.3556060339925676,39.68868339838852,1.0,1.0,1.0,0.6992628574371338,20,0.3556060339925676,39.68868339838852,1.0,1.0,1.0,5.647423028945923,20,0.3556060339925676,39.68868339838852,1.0,1.0,1.0,440.5007348060608,20.0,0.3556060339925676,39.68868339838852,1.0,1.0,1.0,26.667322158813477,0.4225397412452656,35.56618868868152
2,3,10000,200,20,0.5,0.5,10.583005604713367,10000,cv_rmse,96,0.3534968360888917,108.83377255010758,0.20833333333333334,1.0,0.3448275862068966,775.1190116405487,0,0.0,168.342211802496,0.0,0.0,0.0,1084.5268030166626,27,0.3273969939805189,113.22747769832696,0.7407407407407407,1.0,0.851063829787234,0.08254313468933105,29,0.32777498769669255,113.16384540009885,0.6896551724137931,1.0,0.8163265306122449,0.10962104797363281,56,0.33468949483502075,111.99984197490855,0.35714285714285715,1.0,0.5263157894736842,206.62255597114563,60,0.33481963960855277,111.97793311587762,0.3333333333333333,1.0,0.5,2373.880581140518,,,,,,,,0.3881515513047774,102.99992114127976
2,3,10000,200,20,0.5,0.5,10.583005604713367,10000,aic,105,0.3618652465165121,107.2848280893057,0.19047619047619047,1.0,0.32,167.3610188961029,0,0.0,168.12252820215937,0.0,0.0,0.0,240.22180104255676,38,0.34202436034974526,110.6205280334338,0.5263157894736842,1.0,0.6896551724137931,0.9536850452423096,37,0.3406204571816309,110.8565557834082,0.5405405405405406,1.0,0.7017543859649124,0.769568681716919,40,0.3406791022371741,110.84669622840373,0.5,1.0,0.6666666666666666,19.87095618247986,45,0.3419532307478288,110.632486521938,0.4444444444444444,1.0,0.6153846153846153,407.43081188201904,,,,,,,,0.39442549594398857,101.81071663666546
2,3,10000,200,20,0.5,0.5,10.583005604713367,10000,bic,51,0.36510400604583115,100.46086609078125,0.39215686274509803,1.0,0.5633802816901409,157.75447988510132,0,0.0,158.2320050014888,0.0,0.0,0.0,236.36965703964233,20,0.35977714134520744,101.3037465727326,1.0,1.0,1.0,0.9614717960357666,21,0.3598783502814872,101.28773207982098,0.9523809523809523,1.0,0.975609756097561,0.8168041706085205,22,0.35990416265887537,101.283647735593,0.9090909090909091,1.0,0.9523809523809523,6.1494200229644775,22,0.35990416265887537,101.283647735593,0.9090909090909091,1.0,0.9523809523809523,392.28479528427124,,,,,,,,0.41364275690898966,92.78048222143595
2,3,10000,200,20,0.5,0.5,10.583005604713367,10000,bayes_factor,24,0.32740492614417904,107.82310353558681,0.8333333333333334,1.0,0.9090909090909091,163.69663500785828,0,0.0,160.30908897007475,0.0,0.0,0.0,245.49743700027466,20,0.3251143363132363,108.19030590458937,1.0,1.0,1.0,0.985231876373291,20,0.3251143363132363,108.19030590458937,1.0,1.0,1.0,0.7753939628601074,20,0.3251143363132363,108.19030590458935,1.0,1.0,1.0,5.307552099227905,20,0.3251143363132363,108.19030590458937,1.0,1.0,1.0,432.78803420066833,20.0,0.3251143363132363,108.19030590458937,1.0,1.0,1.0,22.18751311302185,0.3825306621977156,98.98594701003955
3,3,10000,200,20,0.5,0.9,21.06579207275637,10000,cv_rmse,55,0.3892200976482575,401.77189795843634,0.36363636363636365,1.0,0.5333333333333333,744.2619020938873,0,0.0,657.8014378198378,0.0,0.0,0.0,1085.61776804924,22,0.3761375180132007,410.37763765276924,0.8181818181818182,0.9,0.8571428571428572,0.11469697952270508,19,0.37468277222425617,411.33457152439934,0.6842105263157895,0.65,0.6666666666666667,0.12458539009094238,22,0.3764941804408316,410.14302459505734,0.5454545454545454,0.6,0.5714285714285713,43.79552507400513,65,0.39334043521580464,399.0615339822008,0.2,0.65,0.30588235294117644,2403.772961139679,,,,,,,,0.43515125623185247,371.55831580141665
3,3,10000,200,20,0.5,0.9,21.06579207275637,10000,aic,70,0.34045821713242563,429.5910508118061,0.2857142857142857,1.0,0.4444444444444445,168.94622898101807,0,0.0,651.347741676074,0.0,0.0,0.0,250.0614869594574,34,0.32976624303321445,436.55524399538643,0.5588235294117647,0.95,0.7037037037037037,1.4074859619140625,51,0.33451236572399434,433.4638676990293,0.29411764705882354,0.75,0.42253521126760557,1.3233978748321533,33,0.3321559601462608,434.99870715055897,0.42424242424242425,0.7,0.5283018867924527,13.261981964111328,60,0.33820051137311524,431.061602359502,0.21666666666666667,0.65,0.325,426.0801012516022,,,,,,,,0.3856567994341972,400.15105630258705
3,3,10000,200,20,0.5,0.9,21.06579207275637,10000,bic,20,0.31032674679029015,472.14567918383005,0.95,0.95,0.9500000000000001,170.38690495491028,2,0.00035654378637617334,684.3491992462957,0.0,0.0,0.0,248.45732402801514,17,0.30953185804695926,472.6898546812107,1.0,0.85,0.9189189189189189,1.3542301654815674,8,0.3066411929140235,474.6687846253997,1.0,0.4,0.5714285714285715,1.25620698928833,10,0.30704512217634417,474.3922573641016,0.9,0.45,0.6,1.6042990684509277,9,0.3066997098133635,474.62872434895144,0.8888888888888888,0.4,0.5517241379310346,438.3579640388489,,,,,,,,0.3700455785269585,431.2625678856156
3,3,10000,200,20,0.5,0.9,21.06579207275637,10000,bayes_factor,19,0.32528172698721325,455.5284049207942,1.0,0.95,0.9743589743589743,157.59595608711243,0,0.0,675.1386810479362,0.0,0.0,0.0,239.2963411808014,12,0.32017471822377863,458.97634408143966,1.0,0.6,0.7499999999999999,1.436171054840088,7,0.3180916850726262,460.38268033568784,1.0,0.35,0.5185185185185185,1.349303960800171,7,0.31985610858690106,459.1914497714504,1.0,0.35,0.5185185185185185,1.0393390655517578,7,0.31985610858690106,459.1914497714504,1.0,0.35,0.5185185185185185,486.3367910385132,7.0,0.31985610858690106,459.1914497714504,1.0,0.35,0.5185185185185185,16.717195987701416,0.3918498849509813,410.58566655334516
4,3,10000,200,20,1.0,0.0,4.47213595499958,10000,cv_rmse,97,0.533574535241804,18.725330023128247,0.20618556701030927,1.0,0.3418803418803419,855.6392450332642,6,0.12960479522800084,34.943283957177165,0.8333333333333334,0.25,0.3846153846153846,1217.3573348522186,76,0.5251972614410034,19.061647888396212,0.2631578947368421,1.0,0.4166666666666667,0.0794382095336914,69,0.5235465702055364,19.127917293662133,0.2898550724637681,1.0,0.44943820224719105,0.11118602752685547,60,0.523243526025872,19.140083443893115,0.3333333333333333,1.0,0.5,250.86314964294434,62,0.5223024803118115,19.177863095507483,0.3225806451612903,1.0,0.4878048780487805,2643.637359857559,,,,,,,,0.5616261587547521,17.599156716452526
4,3,10000,200,20,1.0,0.0,4.47213595499958,10000,aic,103,0.5450200152245026,19.296848374249002,0.1941747572815534,1.0,0.3252032520325203,185.08593201637268,0,0.0,42.41252147338026,0.0,0.0,0.0,272.2909789085388,74,0.5352978206691325,19.709191159597022,0.2702702702702703,1.0,0.4255319148936171,0.8861207962036133,63,0.5338937096065528,19.768743050189695,0.31746031746031744,1.0,0.4819277108433735,0.6556317806243896,58,0.5327248934532862,19.818315490388546,0.3448275862068966,1.0,0.5128205128205129,42.37683391571045,58,0.5327248934532862,19.818315490388546,0.3448275862068966,1.0,0.5128205128205129,443.70747423171997,,,,,,,,0.5649509795877856,18.45152592020609
4,3,10000,200,20,1.0,0.0,4.47213595499958,10000,bic,65,0.5178558864520417,20.150228373446478,0.3076923076923077,1.0,0.47058823529411764,176.78417682647705,2,0.00011919224759604496,41.787975952200426,0.0,0.0,0.0,255.08769726753235,20,0.5059439019737837,20.648065432684934,1.0,1.0,1.0,0.9005722999572754,20,0.5059439019737837,20.648065432684934,1.0,1.0,1.0,0.6782121658325195,20,0.5059439019737837,20.648065432684934,1.0,1.0,1.0,5.633162975311279,20,0.5059439019737837,20.648065432684934,1.0,1.0,1.0,438.9098250865936,,,,,,,,0.5512227861875508,18.75572695594131
4,3,10000,200,20,1.0,0.0,4.47213595499958,10000,bayes_factor,38,0.5333411172175753,19.501199329625152,0.5263157894736842,1.0,0.6896551724137931,169.792475938797,2,0.0006506579747425079,41.76179097366636,0.0,0.0,0.0,252.37757420539856,20,0.5285114717627628,19.7030252932587,1.0,1.0,1.0,0.9445979595184326,20,0.5285114717627628,19.7030252932587,1.0,1.0,1.0,0.6679379940032959,20,0.5285114717627626,19.703025293258705,1.0,1.0,1.0,6.186421155929565,20,0.5285114717627628,19.7030252932587,1.0,1.0,1.0,473.31187081336975,20.0,0.5285114717627628,19.7030252932587,1.0,1.0,1.0,28.350526332855225,0.5649908347165493,18.178589876669378
5,3,10000,200,20,1.0,0.5,7.483315028428061,10000,cv_rmse,99,0.5293770175977992,50.02813133877149,0.20202020202020202,1.0,0.33613445378151263,834.7501170635223,0,0.0,106.30193001500461,0.0,0.0,0.0,1156.694787979126,48,0.5126947460953915,51.80148899651176,0.4166666666666667,1.0,0.5882352941176471,0.08494710922241211,42,0.512616430958448,51.80981404671824,0.47619047619047616,1.0,0.6451612903225806,0.10970187187194824,58,0.5170596040897555,51.33749616746944,0.3448275862068966,1.0,0.5128205128205129,233.09462094306946,64,0.5216076544561148,50.854029635719996,0.3125,1.0,0.47619047619047616,2494.7252368927,,,,,,,,0.552129001442621,47.60955154439674
5,3,10000,200,20,1.0,0.5,7.483315028428061,10000,aic,107,0.5382719298040699,49.972878926588976,0.18691588785046728,1.0,0.31496062992125984,169.86838388442993,0,0.0,108.23010804905891,0.0,0.0,0.0,250.9532470703125,41,0.5191131523039281,52.04643548551721,0.4878048780487805,1.0,0.6557377049180327,0.9809451103210449,50,0.5210060398343825,51.841568063571394,0.4,1.0,0.5714285714285715,0.7709634304046631,45,0.5204270460072044,51.90423262804663,0.4444444444444444,1.0,0.6153846153846153,25.425803899765015,50,0.5207102425902451,51.873582231265004,0.4,1.0,0.5714285714285715,420.93471002578735,,,,,,,,0.5569710633338456,47.949069684237564
5,3,10000,200,20,1.0,0.5,7.483315028428061,10000,bic,63,0.5092522698303501,52.108608668112964,0.31746031746031744,1.0,0.4819277108433735,162.09456515312195,0,0.0,106.18206761771306,0.0,0.0,0.0,246.73826789855957,21,0.49854495355920736,53.24553364841969,0.9523809523809523,1.0,0.975609756097561,0.8981311321258545,21,0.49854495355920736,53.24553364841969,0.9523809523809523,1.0,0.975609756097561,0.6989388465881348,21,0.49854495355920736,53.24553364841969,0.9523809523809523,1.0,0.975609756097561,5.721891164779663,21,0.49854495355920736,53.24553364841969,0.9523809523809523,1.0,0.975609756097561,415.9134519100189,,,,,,,,0.5480161794562878,47.99257659508474
5,3,10000,200,20,1.0,0.5,7.483315028428061,10000,bayes_factor,39,0.5097334913330283,54.47626063342322,0.5128205128205128,1.0,0.6779661016949152,161.62379121780396,0,0.0,111.11560685950887,0.0,0.0,0.0,251.32598519325256,20,0.5036212582509763,55.1554251216022,1.0,1.0,1.0,0.9700522422790527,20,0.5036212582509763,55.1554251216022,1.0,1.0,1.0,0.7944166660308838,20,0.5036212582509763,55.1554251216022,1.0,1.0,1.0,5.515557050704956,20,0.5036212582509763,55.1554251216022,1.0,1.0,1.0,452.4132161140442,20.0,0.5036212582509763,55.1554251216022,1.0,1.0,1.0,26.07069206237793,0.556426807563114,49.287904464234295
6,3,10000,200,20,1.0,0.9,14.895764425711846,10000,cv_rmse,70,0.5121826652544041,216.7121627544363,0.2857142857142857,1.0,0.4444444444444445,784.9288189411163,2,0.4292201077729527,253.56816187308368,1.0,0.1,0.18181818181818182,1119.1361701488495,25,0.49483619173678906,224.41830914245958,0.8,1.0,0.888888888888889,0.11389994621276855,46,0.5040499532307459,220.32510859742314,0.391304347826087,0.9,0.5454545454545454,0.12433385848999023,39,0.5014043512287807,221.5004135544155,0.4358974358974359,0.85,0.5762711864406781,110.10630989074707,76,0.5142341037107525,215.800814114346,0.21052631578947367,0.8,0.3333333333333333,2378.4873673915863,,,,,,,,0.5404162853981012,204.16941683721973
6,3,10000,200,20,1.0,0.9,14.895764425711846,10000,aic,88,0.5202353323667566,229.3348104681141,0.22727272727272727,1.0,0.37037037037037035,171.90303802490234,0,0.0,478.0152144163925,0.0,0.0,0.0,244.3578381538391,35,0.5067529020797181,235.7796172726269,0.5714285714285714,1.0,0.7272727272727273,1.359100103378296,48,0.5080615586661323,235.1540595138747,0.3333333333333333,0.8,0.47058823529411764,1.2190349102020264,22,0.5039054620978228,237.14073690611036,0.6818181818181818,0.75,0.7142857142857143,7.01139497756958,54,0.5106149050917874,233.93352107473578,0.2777777777777778,0.75,0.4054054054054055,412.31148314476013,,,,,,,,0.5457311301547808,217.14743122175474
6,3,10000,200,20,1.0,0.9,14.895764425711846,10000,bic,20,0.49013176919712875,218.6888248242674,0.95,0.95,0.9500000000000001,161.10210990905762,2,0.4175826536493613,249.80604269092706,1.0,0.1,0.18181818181818182,245.37219405174255,17,0.48963391767998565,218.90235953116525,1.0,0.85,0.9189189189189189,1.1466450691223145,10,0.48631589322825086,220.3255014808911,1.0,0.5,0.6666666666666666,1.024561882019043,13,0.48637570123215634,220.29984908425402,0.9230769230769231,0.6,0.7272727272727274,2.48763108253479,11,0.4863685558645954,220.30291382125952,0.9090909090909091,0.5,0.6451612903225806,408.35853481292725,,,,,,,,0.5321665871919585,200.65956864857642
6,3,10000,200,20,1.0,0.9,14.895764425711846,10000,bayes_factor,20,0.5116173852877994,202.123260643546,1.0,1.0,1.0,160.44313764572144,0,0.0,413.8625220364477,0.0,0.0,0.0,234.16889810562134,19,0.5116166717548642,202.1235559480861,1.0,0.95,0.9743589743589743,1.3149371147155762,11,0.5064341096787564,204.2684241595146,0.8181818181818182,0.45,0.5806451612903226,1.1276288032531738,10,0.5065410330488158,204.22417258391712,1.0,0.5,0.6666666666666666,1.9260506629943848,9,0.5056310580700059,204.6007771236375,1.0,0.45,0.6206896551724138,442.91631531715393,10.0,0.504111061718199,205.22984664728247,1.0,0.5,0.6666666666666666,19.104862213134766,0.5541466432422552,184.52199468617633
7,3,10000,200,20,2.0,0.0,3.1622776601683795,10000,cv_rmse,107,0.6617566925437814,9.803844718233918,0.18691588785046728,1.0,0.31496062992125984,812.1587870121002,0,0.0,28.984593344845138,0.0,0.0,0.0,1119.6651949882507,61,0.6545460302705396,10.01284283197085,0.32786885245901637,1.0,0.49382716049382713,0.07736825942993164,46,0.651955643270412,10.087924145775323,0.43478260869565216,1.0,0.6060606060606061,0.10470199584960938,62,0.6529374084042618,10.05946808261054,0.3225806451612903,1.0,0.4878048780487805,254.09661293029785,62,0.6529374084042618,10.05946808261054,0.3225806451612903,1.0,0.4878048780487805,2435.0186047554016,,,,,,,,0.6745266913888328,9.433711494695963
7,3,10000,200,20,2.0,0.0,3.1622776601683795,10000,aic,101,0.6716721389682487,9.59082287840368,0.19801980198019803,1.0,0.3305785123966942,169.39575695991516,2,0.02683586872539656,28.427209269845385,0.5,0.05,0.09090909090909091,243.34708213806152,38,0.6584089254805039,9.978256131736735,0.5263157894736842,1.0,0.6896551724137931,0.783627986907959,41,0.6590061703953267,9.960809941897432,0.4878048780487805,1.0,0.6557377049180327,0.5076982975006104,46,0.659524157883002,9.9456789498704,0.43478260869565216,1.0,0.6060606060606061,25.301054000854492,46,0.6595241578830021,9.945678949870398,0.43478260869565216,1.0,0.6060606060606061,403.00713992118835,,,,,,,,0.68518967206966,9.195960665610666
7,3,10000,200,20,2.0,0.0,3.1622776601683795,10000,bic,78,0.6792890166306889,9.796768154565553,0.2564102564102564,1.0,0.4081632653061224,159.93270301818848,2,0.0008504876621201474,30.521050514973105,0.0,0.0,0.0,231.62249302864075,20,0.6704833723122738,10.065754439141097,1.0,1.0,1.0,0.7476909160614014,20,0.6704833723122738,10.065754439141097,1.0,1.0,1.0,0.5351128578186035,20,0.6704833723122737,10.065754439141099,1.0,1.0,1.0,5.40897011756897,20,0.6704833723122738,10.065754439141097,1.0,1.0,1.0,403.9323010444641,,,,,,,,0.6972541894597861,9.247985474239654
7,3,10000,200,20,2.0,0.0,3.1622776601683795,10000,bayes_factor,66,0.6635710605454914,10.146718190004911,0.30303030303030304,1.0,0.4651162790697675,150.31896805763245,2,0.03395027314583243,29.13612114288967,0.5,0.05,0.09090909090909091,243.0140929222107,20,0.6532109235478631,10.459180580116842,1.0,1.0,1.0,0.808103084564209,20,0.6532109235478631,10.459180580116842,1.0,1.0,1.0,0.5365457534790039,20,0.6532109235478631,10.459180580116842,1.0,1.0,1.0,5.340543985366821,20,0.6532109235478631,10.459180580116842,1.0,1.0,1.0,439.2941429615021,20.0,0.6532109235478631,10.459180580116842,1.0,1.0,1.0,24.93405795097351,0.6887504528597481,9.387306117956083
8,3,10000,200,20,2.0,0.5,5.291502802356684,10000,cv_rmse,111,0.6721461701159621,26.12018383057499,0.18018018018018017,1.0,0.3053435114503817,781.8768339157104,4,0.2692193634644553,58.22144756669311,0.75,0.15,0.24999999999999997,1084.9772560596466,32,0.6593624707680172,27.138663856021783,0.625,1.0,0.7692307692307693,0.07720184326171875,23,0.6570239833788916,27.32497163992367,0.8695652173913043,1.0,0.9302325581395349,0.10327792167663574,52,0.6621422230205665,26.9172004073083,0.38461538461538464,1.0,0.5555555555555556,174.0997760295868,62,0.6623218158019852,26.902892212504053,0.3225806451612903,1.0,0.4878048780487805,2255.75119304657,,,,,,,,0.6856528884926557,25.044100726492214
8,3,10000,200,20,2.0,0.5,5.291502802356684,10000,aic,108,0.6704380362164172,25.8375424031921,0.18518518518518517,1.0,0.3125,160.07078790664673,0,0.0,78.39964936050427,0.0,0.0,0.0,231.6996259689331,37,0.6583166256875184,26.78785673841249,0.5405405405405406,1.0,0.7017543859649124,0.8087038993835449,36,0.6588590739554865,26.74532898440757,0.5555555555555556,1.0,0.7142857142857143,0.6006081104278564,37,0.658709896220318,26.757024466537178,0.5405405405405406,1.0,0.7017543859649124,15.864734172821045,44,0.6601258783916917,26.64601196080076,0.45454545454545453,1.0,0.625,387.5747208595276,,,,,,,,0.6860798415260083,24.611230351554877
8,3,10000,200,20,2.0,0.5,5.291502802356684,10000,bic,95,0.6682895868716163,26.117883589421822,0.21052631578947367,1.0,0.34782608695652173,151.70570373535156,0,0.0,78.73700238440593,0.0,0.0,0.0,221.55190801620483,20,0.6555631528164347,27.119924857969643,1.0,1.0,1.0,0.8058311939239502,20,0.6555631528164347,27.119924857969643,1.0,1.0,1.0,0.5966730117797852,21,0.655651575078718,27.112962754093417,0.9523809523809523,1.0,0.975609756097561,5.484364032745361,21,0.655651575078718,27.112962754093417,0.9523809523809523,1.0,0.975609756097561,384.4116599559784,,,,,,,,0.6837105981285008,24.90367938931857
8,3,10000,200,20,2.0,0.5,5.291502802356684,10000,bayes_factor,74,0.6703653280496592,27.6876149874113,0.2702702702702703,1.0,0.4255319148936171,144.3162169456482,0,0.0,83.99485049188763,0.0,0.0,0.0,231.12536597251892,20,0.662190725368282,28.374239517464158,1.0,1.0,1.0,0.8813228607177734,20,0.662190725368282,28.374239517464158,1.0,1.0,1.0,0.6958780288696289,20,0.6621907253682819,28.37423951746416,1.0,1.0,1.0,5.294296026229858,20,0.662190725368282,28.374239517464158,1.0,1.0,1.0,415.0334577560425,20.0,0.662190725368282,28.374239517464158,1.0,1.0,1.0,22.102781772613525,0.6948282481831968,25.632855668199824
9,3,10000,200,20,2.0,0.9,10.532896036378185,10000,cv_rmse,79,0.6846749517192066,101.67900799131088,0.25316455696202533,1.0,0.4040404040404041,728.5355701446533,2,0.43596911654248405,181.87613391040625,0.5,0.05,0.09090909090909091,1045.8910548686981,29,0.6791108198196593,103.4732054867632,0.6896551724137931,1.0,0.8163265306122449,0.10058379173278809,29,0.6771957044856699,104.09074928295279,0.5862068965517241,0.85,0.6938775510204082,0.11272096633911133,34,0.6769263280723418,104.17761179715137,0.5,0.85,0.6296296296296295,81.18047523498535,58,0.679456613730155,103.36170155778468,0.29310344827586204,0.85,0.4358974358974359,2230.4208540916443,,,,,,,,0.70217075122598,96.03735171451726
9,3,10000,200,20,2.0,0.9,10.532896036378185,10000,aic,98,0.6827675233608252,109.90025727456353,0.20408163265306123,1.0,0.3389830508474576,138.56719207763672,0,0.0,346.4344459270664,0.0,0.0,0.0,203.15483283996582,45,0.6716726693747459,113.74389686787262,0.4444444444444444,1.0,0.6153846153846153,0.9947237968444824,56,0.6733487357930928,113.16324972689566,0.32142857142857145,0.9,0.4736842105263158,0.8359198570251465,40,0.6707104865250586,114.07723015028459,0.425,0.85,0.5666666666666667,16.81089997291565,62,0.6753792902834851,112.4597957070919,0.27419354838709675,0.85,0.4146341463414634,338.9194588661194,,,,,,,,0.7032148258974696,102.81660734957804
9,3,10000,200,20,2.0,0.9,10.532896036378185,10000,bic,35,0.6717892798179168,107.89316705327185,0.5714285714285714,1.0,0.7272727272727273,138.48316407203674,0,0.0,328.7313924219641,0.0,0.0,0.0,198.28741598129272,20,0.6685298990096068,108.96462784482102,1.0,1.0,1.0,0.9595749378204346,14,0.6652937712806206,110.02844461922595,1.0,0.7,0.8235294117647058,0.8333740234375,14,0.6667895699053177,109.53672865454647,1.0,0.7,0.8235294117647058,2.5221569538116455,14,0.6660957919942059,109.76479523329782,1.0,0.7,0.8235294117647058,351.2774040699005,,,,,,,,0.698462910374958,99.12470733930662
9,3,10000,200,20,2.0,0.9,10.532896036378185,10000,bayes_factor,20,0.6707139002589845,109.52895233161745,1.0,1.0,1.0,140.19856691360474,0,0.0,332.6254962409962,0.0,0.0,0.0,202.09311485290527,18,0.6678340211711793,110.48687354231274,1.0,0.9,0.9473684210526316,0.9916031360626221,11,0.6614565223041711,112.6081922677277,1.0,0.55,0.7096774193548387,0.8258838653564453,12,0.6643843669189597,111.63431649981712,1.0,0.6,0.7499999999999999,1.9279112815856934,12,0.6643843669189597,111.6343164998171,1.0,0.6,0.7499999999999999,346.98667073249817,12.0,0.6643843669189597,111.6343164998171,1.0,0.6,0.7499999999999999,14.072044134140015,0.700415684150189,99.64938172556272
1,4,10000,200,20,0.5,0.0,6.324555320336759,10000,cv_rmse,96,0.359566404885137,39.914754611539486,0.20833333333333334,1.0,0.3448275862068966,649.4556059837341,2,0.015560633234905974,61.354769728031926,0.5,0.05,0.09090909090909091,916.3951299190521,51,0.34376545447026907,40.89954220427257,0.39215686274509803,1.0,0.5633802816901409,0.06802892684936523,47,0.3420043284111596,41.00930364562346,0.425531914893617,1.0,0.5970149253731344,0.08791208267211914,49,0.34503286962363033,40.820551087592804,0.40816326530612246,1.0,0.5797101449275363,153.74873900413513,49,0.34503286962363033,40.820551087592804,0.40816326530612246,1.0,0.5797101449275363,2160.150686979294,,,,,,,,0.39029014548768803,37.99991039310108
1,4,10000,200,20,0.5,0.0,6.324555320336759,10000,aic,101,0.38855966136613707,35.42205632816807,0.19801980198019803,1.0,0.3305785123966942,162.8924069404602,0,0.0,57.932154766418144,0.0,0.0,0.0,240.0306339263916,58,0.37447961832024035,36.237743561020785,0.3448275862068966,1.0,0.5128205128205129,0.8911828994750977,53,0.3727082994193598,36.34035988172728,0.37735849056603776,1.0,0.5479452054794521,0.6906931400299072,48,0.3722688802799987,36.36581637931607,0.4166666666666667,1.0,0.5882352941176471,27.137067079544067,48,0.3722688802799986,36.36581637931608,0.4166666666666667,1.0,0.5882352941176471,410.7843599319458,,,,,,,,0.41210975959200336,34.05774839298283
1,4,10000,200,20,0.5,0.0,6.324555320336759,10000,bic,51,0.37447193970670933,36.99701402594789,0.39215686274509803,1.0,0.5633802816901409,157.79612517356873,2,0.015460713282172689,58.23082306286569,0.5,0.05,0.09090909090909091,231.6869752407074,23,0.36148501748657735,37.76512879814026,0.8695652173913043,1.0,0.9302325581395349,0.8466591835021973,23,0.36148501748657735,37.76512879814026,0.8695652173913043,1.0,0.9302325581395349,0.6410989761352539,23,0.36148501748657746,37.76512879814025,0.8695652173913043,1.0,0.9302325581395349,6.938673257827759,23,0.36148501748657735,37.76512879814026,0.8695652173913043,1.0,0.9302325581395349,407.84447479248047,,,,,,,,0.4263862910779549,33.926526692526885
1,4,10000,200,20,0.5,0.0,6.324555320336759,10000,bayes_factor,21,0.36486612370092975,36.94283389318866,0.9523809523809523,1.0,0.975609756097561,171.28775787353516,0,0.0,58.1654282219283,0.0,0.0,0.0,237.41955709457397,20,0.3645860879814079,36.95912229073208,1.0,1.0,1.0,0.8504559993743896,20,0.3645860879814079,36.95912229073208,1.0,1.0,1.0,0.6797749996185303,20,0.3645860879814079,36.95912229073208,1.0,1.0,1.0,5.672920227050781,20,0.3645860879814079,36.95912229073208,1.0,1.0,1.0,426.4793438911438,20.0,0.3645860879814079,36.95912229073208,1.0,1.0,1.0,24.271392822265625,0.4163332295239831,33.94922764364746
2,4,10000,200,20,0.5,0.5,10.583005604713367,10000,cv_rmse,91,0.3689195281448272,105.04123535732947,0.21978021978021978,1.0,0.36036036036036034,759.7137129306793,0,0.0,166.44665782248364,0.0,0.0,0.0,1069.6370842456818,36,0.3446442754671779,109.0817700333205,0.5555555555555556,1.0,0.7142857142857143,0.07979893684387207,40,0.3461968016004344,108.82335724725789,0.5,1.0,0.6666666666666666,0.10353493690490723,47,0.3480437902408239,108.51593216102896,0.425531914893617,1.0,0.5970149253731344,149.77269673347473,51,0.35000301708710235,108.18982540054984,0.39215686274509803,1.0,0.5633802816901409,2164.2065572738647,,,,,,,,0.3975738309291339,100.27182242664814
2,4,10000,200,20,0.5,0.5,10.583005604713367,10000,aic,115,0.34377074546672004,113.02081610633769,0.17391304347826086,1.0,0.29629629629629634,155.22431206703186,0,0.0,172.22764045580348,0.0,0.0,0.0,228.8102729320526,47,0.3188438606770062,117.31391465758375,0.425531914893617,1.0,0.5970149253731344,0.9404783248901367,57,0.32036791001481324,117.05143123619503,0.3508771929824561,1.0,0.5194805194805194,0.8613958358764648,49,0.3190040315981495,117.28632879776562,0.40816326530612246,1.0,0.5797101449275363,27.319339752197266,54,0.3182054417815028,117.42386803757873,0.37037037037037035,1.0,0.5405405405405406,399.9331018924713,,,,,,,,0.38039571653314663,106.71298375780496
2,4,10000,200,20,0.5,0.5,10.583005604713367,10000,bic,40,0.3671115462279819,107.30614042057199,0.5,1.0,0.6666666666666666,158.183935880661,2,0.0014117879813472234,169.3104784303763,0.0,0.0,0.0,234.45643210411072,20,0.35909257242183756,108.66575620142962,1.0,1.0,1.0,0.9356629848480225,21,0.35927179421875943,108.63536917320639,0.9523809523809523,1.0,0.975609756097561,0.7687480449676514,22,0.3595259619532043,108.59227507275287,0.9090909090909091,1.0,0.9523809523809523,6.348462820053101,22,0.3595259619532043,108.59227507275287,0.9090909090909091,1.0,0.9523809523809523,405.5089530944824,,,,,,,,0.4160590894517058,99.00709196250206
2,4,10000,200,20,0.5,0.5,10.583005604713367,10000,bayes_factor,24,0.3586089915603714,107.95460243886073,0.8333333333333334,1.0,0.9090909090909091,165.19441413879395,0,0.0,168.31324577108106,0.0,0.0,0.0,232.9442389011383,20,0.35701107074321736,108.2235536780811,1.0,1.0,1.0,0.9550330638885498,19,0.3497461338731488,109.44633878300435,1.0,0.95,0.9743589743589743,0.7974801063537598,19,0.3497461338731488,109.44633878300435,1.0,0.95,0.9743589743589743,4.6439549922943115,19,0.3497461338731488,109.44633878300435,1.0,0.95,0.9743589743589743,413.4692380428314,19.0,0.3497461338731488,109.44633878300435,1.0,0.95,0.9743589743589743,23.152135133743286,0.41301725385466115,98.79697121534451
3,4,10000,200,20,0.5,0.9,21.06579207275637,10000,cv_rmse,60,0.33500325362087846,442.97451068377933,0.31666666666666665,0.95,0.4749999999999999,726.9571371078491,0,0.0,666.1303428862718,0.0,0.0,0.0,1050.5289940834045,23,0.3262665879813189,448.79426876194185,0.8260869565217391,0.95,0.8837209302325583,0.12022280693054199,26,0.32288425656128783,451.0473423505222,0.4230769230769231,0.55,0.47826086956521735,0.128493070602417,27,0.3205125027290424,452.6272395440376,0.4444444444444444,0.6,0.5106382978723405,58.84880805015564,66,0.33797764236666095,440.9931800886742,0.15151515151515152,0.5,0.23255813953488375,2112.6372871398926,,,,,,,,0.38739006553882105,408.0780656981616
3,4,10000,200,20,0.5,0.9,21.06579207275637,10000,aic,70,0.33835706421961165,416.8280149775909,0.2857142857142857,1.0,0.4444444444444445,157.56112694740295,0,0.0,629.9893680357284,0.0,0.0,0.0,236.7959499359131,28,0.3238393942547232,425.9739927041222,0.6785714285714286,0.95,0.7916666666666667,1.3646819591522217,49,0.3313699784977876,421.22980469589425,0.2857142857142857,0.7,0.40579710144927533,1.211799144744873,29,0.3235121227022779,426.1801703026233,0.4482758620689655,0.65,0.5306122448979592,11.174245119094849,59,0.33189298991140803,420.90031306595205,0.2033898305084746,0.6,0.3037974683544304,406.19820618629456,,,,,,,,0.386073325871353,386.7672774545829
3,4,10000,200,20,0.5,0.9,21.06579207275637,10000,bic,20,0.32513314967295526,469.988064660613,1.0,1.0,1.0,157.54084300994873,0,0.0,696.4159884766215,0.0,0.0,0.0,236.81881403923035,14,0.3223130544860162,471.9520240378233,1.0,0.7,0.8235294117647058,1.4109818935394287,8,0.31847274199941844,474.6264790542364,1.0,0.4,0.5714285714285715,1.2746238708496094,7,0.31836974196510215,474.69820992494795,1.0,0.35,0.5185185185185185,1.1905219554901123,9,0.3191539652120161,474.152064317262,0.7777777777777778,0.35,0.48275862068965514,408.8406867980957,,,,,,,,0.38406935332561454,428.9439501367868
3,4,10000,200,20,0.5,0.9,21.06579207275637,10000,bayes_factor,17,0.34477653379295536,438.3998309706109,1.0,0.85,0.9189189189189189,167.8291618824005,0,0.0,669.0844476441272,0.0,0.0,0.0,244.64900994300842,15,0.34720709171510944,436.77358246579934,1.0,0.75,0.8571428571428571,1.2951009273529053,9,0.34032875936247,441.37576766867784,1.0,0.45,0.6206896551724138,1.2756989002227783,7,0.3370789446291955,443.55016816443657,1.0,0.35,0.5185185185185185,1.082981824874878,7,0.33604916605785917,444.23917699103487,1.0,0.35,0.5185185185185185,441.0164668560028,7.0,0.3383860878113174,442.67557899043476,1.0,0.35,0.5185185185185185,13.094257354736328,0.40137512591879687,400.53059322065695
